Municipality,Residents 2020-10-24,Count 2020-10-24,Residents 2020-10-31,Count 2020-10-31,Residents 2020-11-07,Count 2020-11-07,Residents 2020-11-14,Count 2020-11-14,Residents 2020-11-21,Count 2020-11-21,Residents 2020-11-28,Count 2020-11-28,Residents 2020-12-05,Count 2020-12-05,Residents 2020-12-12,Count 2020-12-12,Residents 2020-12-19,Count 2020-12-19,Residents 2020-12-26,Count 2020-12-26,Residents 2021-01-02,Count 2021-01-02,Residents 2021-01-09,Count 2021-01-09,Residents 2021-01-16,Count 2021-01-16,Residents 2021-01-23,Count 2021-01-23,Residents 2021-01-30,Count 2021-01-30,Residents 2021-02-06,Count 2021-02-06,Residents 2021-02-13,Count 2021-02-13,Residents 2021-02-20,Count 2021-02-20,Residents 2021-02-27,Count 2021-02-27
(not given),0.0,2.0,0.0,5.0,0.0,1.0,0.0,23.0,0.0,55.0,0.0,319.0,0.0,41.0,0.0,193.0,0.0,278.0,0.0,213.0,0.0,241.0,0.0,381.0,0.0,385.0,0.0,296.0,0.0,243.0,0.0,269.0,0.0,233.0,0.0,211.0,0.0,167.0
Abington,,,,,,,,,12.0,2.0,,,31.0,5.0,6.0,1.0,6.0,1.0,,,18.0,3.0,,,,,,,,,,,,,12.0,2.0,6.0,1.0
Acton,,,,,,,,,,,4.0,1.0,4.0,1.0,4.0,1.0,,,9.0,2.0,,,,,,,,,,,,,,,,,,
Acushnet,,,,,,,9.0,1.0,,,,,,,9.0,1.0,,,,,,,,,,,,,,,,,,,,,,
Adams,,,,,,,23.0,2.0,23.0,2.0,,,,,11.0,1.0,23.0,2.0,,,,,11.0,1.0,11.0,1.0,11.0,1.0,,,,,,,,,,
Agawam,,,3.0,1.0,,,3.0,1.0,3.0,1.0,,,,,3.0,1.0,3.0,1.0,,,,,,,,,,,,,,,,,,,,
Allston,,,,,,,,,20.0,6.0,,,13.0,4.0,6.0,2.0,,,3.0,1.0,6.0,2.0,,,,,,,,,41.0,12.0,34.0,10.0,10.0,3.0,3.0,1.0
Amesbury,6.0,1.0,,,,,24.0,4.0,6.0,1.0,,,,,,,6.0,1.0,6.0,1.0,,,,,,,,,6.0,1.0,,,,,,,,
Amherst,,,,,,,2.0,1.0,,,2.0,1.0,,,,,2.0,1.0,,,,,,,,,,,,,,,,,,,,
Andover,,,,,3.0,1.0,,,6.0,2.0,,,,,3.0,1.0,3.0,1.0,3.0,1.0,,,,,,,3.0,1.0,,,,,,,,,,
Arlington,,,,,,,4.0,2.0,4.0,2.0,,,,,,,,,2.0,1.0,2.0,1.0,,,2.0,1.0,2.0,1.0,,,,,2.0,1.0,,,4.0,2.0
Ashburnham,,,,,16.0,1.0,,,,,,,,,16.0,1.0,,,,,16.0,1.0,,,,,,,,,16.0,1.0,,,,,,
Ashby,,,,,,,,,32.0,1.0,,,,,,,,,,,,,,,,,,,,,,,,,,,,
Ashfield,,,,,,,,,57.0,1.0,,,,,,,,,,,,,,,,,,,,,,,,,,,,
Ashland,,,,,,,,,,,6.0,1.0,6.0,1.0,6.0,1.0,,,,,,,,,6.0,1.0,6.0,1.0,60.0,10.0,,,12.0,2.0,,,,
Assonet,,,,,,,,,11.0,1.0,,,,,,,,,11.0,1.0,,,,,,,,,,,,,,,,,,
Athol,,,8.0,1.0,8.0,1.0,,,17.0,2.0,,,17.0,2.0,43.0,5.0,51.0,6.0,25.0,3.0,8.0,1.0,17.0,2.0,,,17.0,2.0,,,17.0,2.0,25.0,3.0,,,,
Attleborough,,,,,,,20.0,9.0,20.0,9.0,2.0,1.0,4.0,2.0,6.0,3.0,9.0,4.0,11.0,5.0,2.0,1.0,,,4.0,2.0,4.0,2.0,,,2.0,1.0,4.0,2.0,,,4.0,2.0
Auburn,,,,,,,,,,,6.0,1.0,12.0,2.0,,,6.0,1.0,,,6.0,1.0,6.0,1.0,,,,,,,,,12.0,2.0,6.0,1.0,,
Auburndale,,,,,10.0,1.0,,,,,,,,,,,,,,,,,10.0,1.0,,,,,,,,,,,,,,
Avon,,,,,,,,,,,,,22.0,1.0,,,,,22.0,1.0,,,22.0,1.0,,,,,,,,,45.0,2.0,,,,
Ayer,,,,,13.0,1.0,,,,,,,,,,,13.0,1.0,,,,,,,13.0,1.0,,,,,,,,,,,,
Baldwinville,,,52.0,1.0,,,,,52.0,1.0,,,,,,,,,52.0,1.0,,,,,,,,,,,,,52.0,1.0,,,,
Barnstable,,,4.0,2.0,,,,,2.0,1.0,,,,,,,2.0,1.0,,,,,,,,,,,2.0,1.0,,,,,,,,
Barre,,,,,,,,,,,,,,,,,,,,,,,18.0,1.0,,,,,,,,,,,,,,
Bedford,,,,,,,,,,,,,,,,,,,,,7.0,1.0,,,,,,,,,,,,,,,,
Belchertown,,,6.0,1.0,,,34.0,5.0,6.0,1.0,,,,,,,,,,,,,,,,,,,,,,,,,,,,
Bellingham,,,,,6.0,1.0,6.0,1.0,,,,,,,,,6.0,1.0,6.0,1.0,,,,,6.0,1.0,,,,,6.0,1.0,,,,,,
Belmont,,,,,,,,,4.0,1.0,,,,,4.0,1.0,,,,,,,,,4.0,1.0,,,,,,,,,,,4.0,1.0
Berlin,,,,,,,,,,,,,,,,,,,,,,,,,,,,,34.0,1.0,,,,,,,,
Beverly,2.0,1.0,2.0,1.0,2.0,1.0,2.0,1.0,5.0,2.0,2.0,1.0,7.0,3.0,2.0,1.0,2.0,1.0,,,,,2.0,1.0,2.0,1.0,,,2.0,1.0,,,,,,,,
Billerica,,,2.0,1.0,,,2.0,1.0,,,,,,,,,,,,,,,,,,,,,,,,,,,,,,
Blackstone,,,,,11.0,1.0,,,,,,,11.0,1.0,,,,,33.0,3.0,,,,,,,,,,,,,,,,,11.0,1.0
Bolton,,,,,,,,,,,,,20.0,1.0,20.0,1.0,,,,,,,,,,,,,,,,,,,,,,
Boston,,,0.0,1.0,0.0,2.0,2.0,18.0,1.0,9.0,0.0,2.0,0.0,4.0,3.0,19.0,2.0,16.0,0.0,6.0,1.0,11.0,0.0,3.0,,,,,1.0,7.0,0.0,6.0,2.0,13.0,0.0,4.0,0.0,2.0
Bourne,,,,,,,,,,,,,,,,,,,,,,,,,20.0,4.0,,,,,,,,,,,,
Boxborough,,,,,,,,,20.0,1.0,,,,,,,,,,,,,,,,,,,,,,,,,,,,
Boxford,,,,,,,,,,,,,,,,,,,12.0,1.0,,,,,,,,,,,,,,,,,,
Boylston,,,,,,,22.0,1.0,,,,,,,22.0,1.0,,,22.0,1.0,,,,,,,,,,,22.0,1.0,,,,,,
Bradford,,,,,,,7.0,1.0,,,,,,,,,,,,,,,,,,,,,,,,,,,,,,
Braintree,,,,,,,2.0,1.0,30.0,11.0,5.0,2.0,,,,,5.0,2.0,16.0,6.0,,,,,8.0,3.0,5.0,2.0,2.0,1.0,13.0,5.0,,,,,5.0,2.0
Brewster,,,,,,,,,,,,,,,,,10.0,1.0,,,,,,,10.0,1.0,,,20.0,2.0,,,,,,,,
Bridgewater,3.0,1.0,3.0,1.0,,,,,7.0,2.0,,,3.0,1.0,15.0,4.0,3.0,1.0,7.0,2.0,11.0,3.0,,,,,,,,,3.0,1.0,,,7.0,2.0,3.0,1.0
Brighton,,,,,,,4.0,2.0,4.0,2.0,,,6.0,3.0,4.0,2.0,4.0,2.0,2.0,1.0,,,,,,,,,6.0,3.0,25.0,11.0,20.0,9.0,6.0,3.0,4.0,2.0
Brockton,5.0,5.0,5.0,5.0,5.0,5.0,18.0,17.0,34.0,32.0,3.0,3.0,14.0,14.0,13.0,13.0,17.0,16.0,10.0,10.0,3.0,3.0,4.0,4.0,8.0,8.0,2.0,2.0,11.0,11.0,5.0,5.0,25.0,24.0,7.0,7.0,8.0,8.0
Brookfield,,,,,,,,,,,,,29.0,1.0,,,,,,,29.0,1.0,,,,,,,58.0,2.0,,,,,,,,
Brookline,,,,,,,,,,,,,3.0,2.0,8.0,5.0,1.0,1.0,,,3.0,2.0,,,,,,,,,1.0,1.0,1.0,1.0,,,,
Burlington,,,,,,,12.0,3.0,,,,,,,4.0,1.0,,,28.0,7.0,,,,,,,,,,,,,,,,,,
Buzzards Bay,,,,,,,,,87.0,3.0,,,,,29.0,1.0,29.0,1.0,29.0,1.0,,,29.0,1.0,,,58.0,2.0,,,,,,,,,29.0,1.0
Cambridge,,,0.0,1.0,0.0,1.0,2.0,3.0,11.0,12.0,10.0,11.0,0.0,1.0,1.0,2.0,,,10.0,11.0,0.0,1.0,1.0,2.0,,,2.0,3.0,2.0,3.0,3.0,4.0,0.0,1.0,12.0,13.0,0.0,1.0
Canton,,,,,,,,,,,,,37.0,8.0,4.0,1.0,,,23.0,5.0,,,,,4.0,1.0,,,,,,,,,9.0,2.0,,
Carver,,,,,,,,,8.0,1.0,,,,,,,8.0,1.0,,,34.0,4.0,52.0,6.0,,,,,,,,,17.0,2.0,,,,
Centerville,,,,,14.0,2.0,,,,,7.0,1.0,,,,,7.0,1.0,,,7.0,1.0,7.0,1.0,,,,,,,,,7.0,1.0,7.0,1.0,,
Charlemont,,,,,,,,,,,,,,,,,78.0,1.0,,,,,,,,,,,,,,,,,,,,
Charlestown,,,,,,,,,5.0,1.0,,,,,11.0,2.0,5.0,1.0,5.0,1.0,,,,,,,,,,,,,5.0,1.0,,,,
Charlton,,,,,7.0,1.0,,,7.0,1.0,,,7.0,1.0,7.0,1.0,15.0,2.0,,,,,,,,,,,,,,,,,7.0,1.0,,
Chelmsford,,,,,2.0,1.0,,,,,,,,,,,,,,,,,,,,,,,,,,,,,,,,
Chelsea,2.0,1.0,,,,,,,8.0,3.0,8.0,3.0,25.0,9.0,14.0,5.0,39.0,14.0,25.0,9.0,17.0,6.0,2.0,1.0,,,22.0,8.0,8.0,3.0,5.0,2.0,,,25.0,9.0,19.0,7.0
Cherry Valley,,,9.0,1.0,,,,,,,,,,,,,,,,,,,27.0,3.0,,,9.0,1.0,,,,,,,,,,
Chestnut Hill,,,,,,,,,,,,,,,47.0,1.0,47.0,1.0,,,141.0,3.0,,,,,,,,,,,,,188.0,4.0,,
Chicopee,1.0,1.0,,,1.0,1.0,12.0,7.0,12.0,7.0,3.0,2.0,12.0,7.0,5.0,3.0,3.0,2.0,7.0,4.0,1.0,1.0,,,,,1.0,1.0,1.0,1.0,,,3.0,2.0,,,1.0,1.0
Clinton,,,,,,,,,,,,,,,7.0,1.0,7.0,1.0,14.0,2.0,7.0,1.0,,,22.0,3.0,7.0,1.0,7.0,1.0,,,,,,,,
Cohasset,,,,,,,,,,,13.0,1.0,13.0,1.0,,,,,13.0,1.0,,,,,,,,,,,,,13.0,1.0,,,,
Concord,,,,,,,,,,,,,,,,,,,,,5.0,1.0,,,,,,,,,,,,,,,,
Dalton,,,,,,,14.0,1.0,,,,,,,,,14.0,1.0,,,,,,,,,14.0,1.0,,,,,,,,,,
Danvers,3.0,1.0,,,3.0,1.0,3.0,1.0,3.0,1.0,3.0,1.0,3.0,1.0,3.0,1.0,,,,,3.0,1.0,,,,,,,,,,,,,,,,
Dartmouth,,,,,,,,,,,,,,,,,,,,,,,,,2.0,1.0,,,,,,,,,,,,
Dedham,,,,,,,,,,,4.0,1.0,4.0,1.0,,,8.0,2.0,,,4.0,1.0,,,,,,,,,,,,,,,8.0,2.0
Dennis,,,,,,,,,,,,,,,,,,,,,,,,,,,,,,,7.0,1.0,,,,,,
Dennis Port,,,,,,,63.0,2.0,,,63.0,2.0,,,,,,,,,31.0,1.0,,,63.0,2.0,,,,,,,,,31.0,1.0,,
Dighton,,,,,,,,,,,,,,,14.0,1.0,,,,,,,14.0,1.0,,,,,,,,,,,,,,
Dorchester,2.0,2.0,4.0,4.0,,,1.0,1.0,6.0,6.0,1.0,1.0,6.0,6.0,32.0,30.0,17.0,16.0,20.0,19.0,46.0,43.0,4.0,4.0,4.0,4.0,,,6.0,6.0,5.0,5.0,9.0,9.0,6.0,6.0,2.0,2.0
Dorchester Center,,,,,3.0,3.0,8.0,8.0,10.0,10.0,1.0,1.0,8.0,8.0,11.0,11.0,15.0,14.0,1.0,1.0,4.0,4.0,2.0,2.0,1.0,1.0,6.0,6.0,1.0,1.0,2.0,2.0,7.0,7.0,7.0,7.0,1.0,1.0
Douglas,,,,,,,,,,,,,11.0,1.0,,,11.0,1.0,,,,,11.0,1.0,,,,,11.0,1.0,,,,,,,,
Dover,,,17.0,1.0,,,,,,,,,,,,,,,17.0,1.0,,,,,,,,,,,,,,,,,,
Dracut,,,,,3.0,1.0,6.0,2.0,,,6.0,2.0,,,,,3.0,1.0,,,,,,,,,,,,,,,,,,,,
Dudley,,,8.0,1.0,,,,,8.0,1.0,17.0,2.0,,,8.0,1.0,8.0,1.0,,,,,17.0,2.0,8.0,1.0,17.0,2.0,,,,,,,,,,
Dunstable,,,,,31.0,1.0,,,,,,,,,,,,,,,,,,,,,,,,,,,,,,,,
Duxbury,,,,,,,,,,,,,6.0,1.0,,,,,,,,,26.0,4.0,,,6.0,1.0,,,,,,,,,,
E. Boston,,,4.0,2.0,,,,,4.0,2.0,,,4.0,2.0,2.0,1.0,4.0,2.0,2.0,1.0,,,2.0,1.0,2.0,1.0,2.0,1.0,,,7.0,3.0,,,,,,
East Boston,,,,,,,,,12.0,5.0,2.0,1.0,7.0,3.0,2.0,1.0,4.0,2.0,4.0,2.0,,,2.0,1.0,7.0,3.0,,,2.0,1.0,12.0,5.0,,,7.0,3.0,2.0,1.0
East Bridgewater,,,,,,,,,,,,,7.0,1.0,,,,,,,,,,,7.0,1.0,,,,,,,14.0,2.0,,,7.0,1.0
East Falmouth,17.0,1.0,17.0,1.0,,,17.0,1.0,,,69.0,4.0,17.0,1.0,17.0,1.0,17.0,1.0,17.0,1.0,,,,,51.0,3.0,17.0,1.0,86.0,5.0,,,,,69.0,4.0,34.0,2.0
East Freetown,,,,,,,,,,,,,,,,,,,20.0,1.0,,,,,,,,,,,,,,,,,,
East Longmeadow,,,6.0,1.0,,,,,,,,,,,6.0,1.0,,,12.0,2.0,,,,,,,,,,,,,,,,,,
East Sandwich,,,,,28.0,1.0,28.0,1.0,,,,,28.0,1.0,,,,,,,,,,,28.0,1.0,,,,,,,,,,,,
East Taunton,,,,,,,,,,,,,,,15.0,1.0,,,,,,,,,,,,,,,,,,,,,,
East Wareham,,,,,,,,,,,,,4.0,1.0,,,4.0,1.0,27.0,6.0,,,,,4.0,1.0,4.0,1.0,13.0,3.0,4.0,1.0,,,4.0,1.0,9.0,2.0
East Weymouth,,,,,,,,,1.0,1.0,,,,,1.0,1.0,11.0,6.0,1.0,1.0,11.0,6.0,,,,,,,,,,,1.0,1.0,,,,
Eastham,,,20.0,1.0,,,,,,,,,,,,,,,20.0,1.0,20.0,1.0,40.0,2.0,,,,,,,,,,,,,,
Easthampton,,,,,,,12.0,2.0,18.0,3.0,,,,,,,6.0,1.0,,,,,,,,,,,6.0,1.0,,,,,,,,
Easton,,,,,4.0,1.0,,,,,,,,,,,,,,,,,,,,,,,,,,,,,,,,
Edgartown,,,,,24.0,1.0,24.0,1.0,,,,,,,,,,,,,,,,,,,,,,,,,,,,,,
Everett,2.0,1.0,7.0,3.0,9.0,4.0,2.0,1.0,21.0,9.0,2.0,1.0,7.0,3.0,4.0,2.0,2.0,1.0,2.0,1.0,2.0,1.0,2.0,1.0,2.0,1.0,4.0,2.0,2.0,1.0,,,2.0,1.0,4.0,2.0,9.0,4.0
Fairhaven,,,6.0,1.0,12.0,2.0,,,,,,,,,12.0,2.0,6.0,1.0,,,,,,,12.0,2.0,6.0,1.0,,,,,,,,,,
Fall River,,,2.0,2.0,28.0,25.0,48.0,43.0,30.0,27.0,28.0,25.0,52.0,47.0,84.0,75.0,22.0,20.0,54.0,48.0,19.0,17.0,31.0,28.0,19.0,17.0,21.0,19.0,10.0,9.0,5.0,5.0,10.0,9.0,24.0,22.0,21.0,19.0
Falmouth,,,,,,,,,,,3.0,1.0,3.0,1.0,3.0,1.0,,,3.0,1.0,3.0,1.0,6.0,2.0,3.0,1.0,,,3.0,1.0,,,,,,,,
Feeding Hills,,,,,,,,,,,,,8.0,1.0,,,42.0,5.0,8.0,1.0,,,,,,,,,,,,,,,,,,
Fiskdale,,,,,,,,,,,,,,,,,,,,,,,,,32.0,1.0,,,,,,,,,,,,
Fitchburg,,,,,2.0,1.0,44.0,18.0,14.0,6.0,14.0,6.0,44.0,18.0,44.0,18.0,37.0,15.0,34.0,14.0,19.0,8.0,34.0,14.0,12.0,5.0,24.0,10.0,7.0,3.0,7.0,3.0,37.0,15.0,2.0,1.0,17.0,7.0
Forestdale,,,,,,,,,,,,,22.0,1.0,22.0,1.0,,,,,22.0,1.0,,,,,,,22.0,1.0,,,,,,,,
Foxborough,,,5.0,1.0,,,,,11.0,2.0,,,5.0,1.0,11.0,2.0,29.0,5.0,,,,,,,,,,,,,,,5.0,1.0,,,17.0,3.0
Framingham,,,,,2.0,2.0,2.0,2.0,11.0,8.0,5.0,4.0,55.0,38.0,30.0,21.0,32.0,22.0,39.0,27.0,21.0,15.0,8.0,6.0,24.0,17.0,29.0,20.0,17.0,12.0,2.0,2.0,55.0,38.0,2.0,2.0,10.0,7.0
Franklin,,,3.0,1.0,,,,,,,,,3.0,1.0,9.0,3.0,15.0,5.0,6.0,2.0,,,,,,,,,3.0,1.0,9.0,3.0,,,,,6.0,2.0
Gardner,,,,,,,14.0,3.0,24.0,5.0,4.0,1.0,39.0,8.0,9.0,2.0,64.0,13.0,44.0,9.0,4.0,1.0,9.0,2.0,14.0,3.0,24.0,5.0,,,24.0,5.0,24.0,5.0,,,,
Gilbertville,,,,,,,,,,,,,,,,,,,86.0,1.0,434.0,5.0,,,,,,,,,,,,,,,,
Gloucester,,,,,,,6.0,2.0,3.0,1.0,,,,,,,6.0,2.0,,,,,,,,,,,,,,,,,,,3.0,1.0
Grafton,,,,,,,5.0,1.0,,,,,,,5.0,1.0,,,,,,,,,,,,,,,,,5.0,1.0,,,,
Granby,,,,,,,,,,,,,,,,,,,,,,,,,,,,,,,,,,,,,16.0,1.0
Great Barrington,,,,,,,,,28.0,2.0,,,,,,,,,,,14.0,1.0,,,,,,,,,14.0,1.0,28.0,2.0,,,14.0,1.0
Greenfield,,,,,5.0,1.0,5.0,1.0,17.0,3.0,,,17.0,3.0,11.0,2.0,5.0,1.0,,,,,,,5.0,1.0,,,5.0,1.0,,,,,,,,
Groveland,,,,,,,,,,,,,,,,,,,,,,,,,,,,,,,,,15.0,1.0,,,,
Hadley,,,,,,,,,19.0,1.0,,,,,19.0,1.0,19.0,1.0,,,,,,,,,,,,,,,,,,,,
Halifax,,,,,,,,,,,,,,,13.0,1.0,,,,,,,,,,,,,,,,,,,,,,
Hanover,,,,,,,,,7.0,1.0,14.0,2.0,14.0,2.0,,,14.0,2.0,,,7.0,1.0,,,,,7.0,1.0,7.0,1.0,,,,,,,7.0,1.0
Hanson,,,,,,,,,9.0,1.0,,,9.0,1.0,9.0,1.0,,,,,,,,,,,,,9.0,1.0,,,,,,,,
Hardwick,,,,,,,,,,,,,,,33.0,1.0,,,,,,,,,,,33.0,1.0,33.0,1.0,,,,,,,,
Harvard,,,,,,,,,,,,,,,,,,,15.0,1.0,,,,,,,,,,,,,,,,,,
Harwich,,,,,,,,,8.0,1.0,8.0,1.0,,,,,,,8.0,1.0,,,8.0,1.0,,,,,,,,,,,,,,
Harwich Port,,,,,,,,,,,57.0,1.0,,,,,,,,,,,57.0,1.0,,,115.0,2.0,,,,,,,,,,
Haverhill,3.0,2.0,3.0,2.0,21.0,13.0,32.0,20.0,4.0,3.0,6.0,4.0,,,8.0,5.0,6.0,4.0,,,,,,,,,3.0,2.0,,,1.0,1.0,,,,,,
Hingham,4.0,1.0,,,,,,,,,,,,,,,18.0,4.0,,,,,,,4.0,1.0,9.0,2.0,,,,,,,4.0,1.0,,
Holbrook,,,,,,,,,9.0,1.0,,,,,,,18.0,2.0,18.0,2.0,,,9.0,1.0,,,,,,,,,9.0,1.0,,,,
Holden,,,,,,,,,,,,,,,,,,,,,5.0,1.0,,,,,,,,,5.0,1.0,,,,,,
Holliston,,,,,,,,,,,,,,,,,,,7.0,1.0,,,,,7.0,1.0,,,,,,,,,,,,
Holyoke,,,,,,,2.0,1.0,12.0,5.0,,,22.0,9.0,27.0,11.0,5.0,2.0,,,,,,,,,,,,,2.0,1.0,,,,,,
Hopedale,,,,,,,,,,,16.0,1.0,,,16.0,1.0,,,16.0,1.0,,,,,,,,,16.0,1.0,,,,,,,,
Hopkinton,,,,,13.0,2.0,6.0,1.0,6.0,1.0,,,6.0,1.0,6.0,1.0,13.0,2.0,,,,,,,,,6.0,1.0,,,,,6.0,1.0,,,,
Housatonic,,,,,,,,,,,,,,,,,,,132.0,1.0,,,,,,,,,,,,,,,,,,
Hudson,,,,,,,,,,,,,,,15.0,3.0,,,5.0,1.0,,,,,5.0,1.0,,,26.0,5.0,,,,,,,,
Hull,,,9.0,1.0,,,9.0,1.0,19.0,2.0,9.0,1.0,,,19.0,2.0,19.0,2.0,,,9.0,1.0,,,,,,,9.0,1.0,9.0,1.0,9.0,1.0,,,,
Hyannis,,,7.0,1.0,7.0,1.0,21.0,3.0,42.0,6.0,14.0,2.0,7.0,1.0,21.0,3.0,14.0,2.0,21.0,3.0,7.0,1.0,7.0,1.0,42.0,6.0,7.0,1.0,,,21.0,3.0,7.0,1.0,14.0,2.0,14.0,2.0
Hyde Park,,,,,2.0,1.0,17.0,6.0,17.0,6.0,,,11.0,4.0,8.0,3.0,26.0,9.0,17.0,6.0,5.0,2.0,5.0,2.0,,,8.0,3.0,2.0,1.0,2.0,1.0,,,11.0,4.0,,
Indian Orchard,,,,,,,9.0,1.0,19.0,2.0,,,19.0,2.0,9.0,1.0,29.0,3.0,9.0,1.0,,,,,,,,,,,,,,,,,,
Ipswich,,,,,,,,,7.0,1.0,,,7.0,1.0,,,,,,,,,,,,,,,,,7.0,1.0,,,,,,
Jamaica Plain,,,,,,,5.0,2.0,,,,,2.0,1.0,10.0,4.0,2.0,1.0,2.0,1.0,2.0,1.0,21.0,8.0,,,,,,,2.0,1.0,5.0,2.0,8.0,3.0,2.0,1.0
Jefferson,,,,,,,,,28.0,1.0,,,28.0,1.0,,,,,,,,,,,,,,,,,,,,,,,,
Kingston,,,,,,,,,,,7.0,1.0,,,7.0,1.0,23.0,3.0,7.0,1.0,,,7.0,1.0,,,,,7.0,1.0,,,,,7.0,1.0,,
Lakeville,,,,,,,,,,,,,,,,,9.0,1.0,9.0,1.0,9.0,1.0,47.0,5.0,,,28.0,3.0,,,9.0,1.0,9.0,1.0,,,,
Lancaster,,,,,,,12.0,1.0,,,,,,,,,12.0,1.0,,,,,12.0,1.0,,,,,,,,,,,,,,
Lanesborough,,,,,,,,,,,,,,,,,,,,,,,,,,,,,,,,,32.0,1.0,,,,
Lawrence,3.0,3.0,2.0,2.0,5.0,4.0,41.0,32.0,39.0,30.0,,,2.0,2.0,6.0,5.0,13.0,10.0,1.0,1.0,,,2.0,2.0,,,,,2.0,2.0,2.0,2.0,3.0,3.0,1.0,1.0,,
Lee,,,,,,,,,,,,,,,,,,,,,,,,,16.0,1.0,,,,,,,,,,,,
Leicester,,,,,,,,,,,,,,,,,9.0,1.0,,,,,,,9.0,1.0,,,,,,,,,,,,
Lenox,,,,,,,,,,,,,,,,,,,,,,,,,19.0,1.0,,,,,,,,,,,,
Leominster,,,2.0,1.0,,,7.0,3.0,17.0,7.0,14.0,6.0,9.0,4.0,34.0,14.0,24.0,10.0,2.0,1.0,2.0,1.0,4.0,2.0,19.0,8.0,7.0,3.0,2.0,1.0,4.0,2.0,4.0,2.0,,,14.0,6.0
Lexington,,,3.0,1.0,,,,,,,3.0,1.0,3.0,1.0,,,,,,,,,,,,,,,,,,,,,,,,
Longmeadow,,,,,,,,,6.0,1.0,,,,,,,,,,,,,,,,,,,,,,,,,,,,
Lowell,,,2.0,3.0,8.0,9.0,29.0,31.0,44.0,47.0,2.0,3.0,,,6.0,7.0,4.0,5.0,1.0,2.0,,,,,8.0,9.0,2.0,3.0,,,,,0.0,1.0,,,,
Ludlow,,,,,,,,,,,,,,,,,4.0,1.0,4.0,1.0,,,,,,,,,,,,,,,,,,
Lunenburg,,,,,,,,,39.0,4.0,9.0,1.0,9.0,1.0,9.0,1.0,19.0,2.0,,,,,,,69.0,7.0,9.0,1.0,,,,,9.0,1.0,,,,
Lynn,2.0,2.0,1.0,1.0,8.0,8.0,3.0,3.0,33.0,30.0,12.0,11.0,6.0,6.0,23.0,21.0,16.0,15.0,6.0,6.0,,,12.0,11.0,8.0,8.0,1.0,1.0,4.0,4.0,,,3.0,3.0,1.0,1.0,6.0,6.0
Lynnfield,,,,,,,,,8.0,1.0,,,,,,,,,,,,,,,,,,,,,,,,,,,,
Malden,1.0,1.0,3.0,2.0,1.0,1.0,1.0,1.0,26.0,16.0,3.0,2.0,3.0,2.0,8.0,5.0,5.0,3.0,13.0,8.0,,,,,1.0,1.0,10.0,6.0,,,,,,,,,6.0,4.0
Manchester,,,,,,,,,,,,,,,,,,,,,,,,,,,,,,,,,19.0,1.0,,,,
Mansfield,,,,,,,,,4.0,1.0,,,,,12.0,3.0,4.0,1.0,8.0,2.0,112.0,26.0,,,,,,,4.0,1.0,,,4.0,1.0,4.0,1.0,,
Marblehead,,,5.0,1.0,,,,,15.0,3.0,,,,,,,5.0,1.0,,,,,,,,,,,,,,,,,,,,
Marlborough,,,,,,,2.0,1.0,10.0,4.0,12.0,5.0,44.0,17.0,2.0,1.0,80.0,31.0,7.0,3.0,28.0,11.0,33.0,13.0,28.0,11.0,12.0,5.0,25.0,10.0,46.0,18.0,20.0,8.0,2.0,1.0,12.0,5.0
Marshfield,3.0,1.0,,,,,,,7.0,2.0,,,3.0,1.0,3.0,1.0,3.0,1.0,11.0,3.0,,,3.0,1.0,3.0,1.0,3.0,1.0,3.0,1.0,35.0,9.0,7.0,2.0,,,3.0,1.0
Marstons Mills,,,,,,,,,20.0,1.0,,,,,,,,,20.0,1.0,,,,,,,,,,,,,,,,,,
Mashpee,,,,,,,7.0,1.0,7.0,1.0,57.0,8.0,7.0,1.0,,,35.0,5.0,21.0,3.0,14.0,2.0,7.0,1.0,,,,,,,7.0,1.0,,,7.0,1.0,,
Mattapan,,,,,10.0,4.0,5.0,2.0,5.0,2.0,,,16.0,6.0,16.0,6.0,32.0,12.0,2.0,1.0,5.0,2.0,13.0,5.0,2.0,1.0,2.0,1.0,5.0,2.0,2.0,1.0,2.0,1.0,,,,
Mattapoisett,,,,,,,,,16.0,1.0,,,,,16.0,1.0,,,,,,,,,,,,,,,16.0,1.0,,,,,,
Maynard,,,,,,,,,,,,,,,,,,,,,9.0,1.0,,,,,,,,,,,,,,,,
Medfield,,,,,,,,,,,,,16.0,2.0,,,,,16.0,2.0,,,16.0,2.0,,,8.0,1.0,,,49.0,6.0,,,,,,
Medford,1.0,1.0,,,1.0,1.0,,,7.0,4.0,,,3.0,2.0,1.0,1.0,5.0,3.0,,,8.0,5.0,3.0,2.0,,,7.0,4.0,1.0,1.0,7.0,4.0,,,1.0,1.0,3.0,2.0
Medway,,,,,,,,,,,,,,,,,,,,,,,,,,,,,,,7.0,1.0,,,7.0,1.0,,
Melrose,,,,,3.0,1.0,3.0,1.0,3.0,1.0,,,,,3.0,1.0,,,,,,,,,,,,,,,,,,,,,3.0,1.0
Mendon,,,,,,,,,,,,,,,,,17.0,1.0,,,,,,,,,,,,,17.0,1.0,,,,,,
Merrimac,,,,,,,,,15.0,1.0,,,,,,,,,,,,,,,,,,,,,,,,,,,,
Methuen,2.0,1.0,,,2.0,1.0,6.0,3.0,21.0,10.0,,,,,4.0,2.0,8.0,4.0,2.0,1.0,,,,,4.0,2.0,,,,,,,2.0,1.0,,,,
Middleborough,,,4.0,1.0,,,4.0,1.0,38.0,9.0,4.0,1.0,4.0,1.0,17.0,4.0,12.0,3.0,4.0,1.0,8.0,2.0,4.0,1.0,12.0,3.0,12.0,3.0,8.0,2.0,17.0,4.0,,,4.0,1.0,8.0,2.0
Middleton,,,,,,,,,,,11.0,1.0,,,,,,,,,,,,,,,,,,,,,11.0,1.0,,,,
Milford,,,,,,,,,32.0,9.0,,,14.0,4.0,50.0,14.0,3.0,1.0,,,,,3.0,1.0,35.0,10.0,3.0,1.0,7.0,2.0,,,,,,,35.0,10.0
Millbury,,,,,,,15.0,2.0,,,,,,,15.0,2.0,7.0,1.0,7.0,1.0,7.0,1.0,,,7.0,1.0,15.0,2.0,,,,,15.0,2.0,,,7.0,1.0
Millis,,,,,,,,,,,,,,,,,,,,,,,,,,,,,25.0,2.0,,,,,,,,
Millville,,,,,,,,,,,,,,,,,,,,,31.0,1.0,,,,,,,,,,,,,31.0,1.0,,
Milton,,,,,,,,,3.0,1.0,,,,,,,3.0,1.0,,,,,,,,,7.0,2.0,,,3.0,1.0,,,,,3.0,1.0
Monson,,,,,,,,,,,,,,,11.0,1.0,,,,,,,,,,,,,,,,,,,,,,
Montague,,,,,,,,,11.0,1.0,,,,,,,,,,,,,,,,,,,,,,,,,,,,
Monterey,,,,,,,,,,,,,,,104.0,1.0,,,,,,,,,,,,,,,,,,,,,,
Nahant,,,,,29.0,1.0,,,,,,,,,,,,,,,,,,,,,,,,,,,,,,,,
Nantucket,,,,,,,9.0,1.0,,,9.0,1.0,,,,,9.0,1.0,9.0,1.0,,,9.0,1.0,9.0,1.0,9.0,1.0,,,,,,,,,19.0,2.0
Natick,3.0,1.0,,,,,,,,,,,3.0,1.0,,,9.0,3.0,,,,,9.0,3.0,,,3.0,1.0,3.0,1.0,,,6.0,2.0,,,,
Needham,,,,,,,,,17.0,5.0,,,,,3.0,1.0,,,10.0,3.0,,,,,,,3.0,1.0,,,,,,,3.0,1.0,10.0,3.0
Needham Heights,,,,,,,,,,,,,,,,,,,,,,,,,,,3.0,1.0,,,,,,,,,,
New Bedford,2.0,2.0,6.0,6.0,6.0,6.0,17.0,17.0,28.0,27.0,27.0,26.0,13.0,13.0,92.0,88.0,34.0,33.0,29.0,28.0,16.0,16.0,32.0,31.0,32.0,31.0,8.0,8.0,16.0,16.0,22.0,21.0,32.0,31.0,18.0,18.0,11.0,11.0
Newburyport,5.0,1.0,,,5.0,1.0,,,34.0,6.0,,,5.0,1.0,,,5.0,1.0,,,5.0,1.0,,,,,,,,,,,,,,,,
Newton,,,,,,,,,2.0,2.0,,,,,1.0,1.0,1.0,1.0,,,,,2.0,2.0,,,,,,,,,,,,,1.0,1.0
Newton Center,,,,,,,,,25.0,1.0,,,,,,,25.0,1.0,,,25.0,1.0,,,25.0,1.0,,,,,,,,,,,,
Newton Highlands,,,,,,,,,,,,,,,,,,,,,,,,,1.0,1.0,,,,,,,1.0,1.0,,,,
Newton Upper Falls,,,,,,,,,,,,,,,16.0,1.0,,,,,,,16.0,1.0,,,,,16.0,1.0,,,,,,,,
Newtonville,,,,,,,,,,,,,,,19.0,1.0,,,,,,,,,,,,,,,,,,,,,,
North Adams,,,,,,,14.0,2.0,21.0,3.0,43.0,6.0,43.0,6.0,7.0,1.0,29.0,4.0,21.0,3.0,29.0,4.0,,,7.0,1.0,,,7.0,1.0,14.0,2.0,7.0,1.0,14.0,2.0,7.0,1.0
North Andover,,,,,7.0,2.0,3.0,1.0,,,,,,,3.0,1.0,3.0,1.0,,,,,,,,,,,,,,,10.0,3.0,,,,
North Attleborough,,,,,,,10.0,3.0,13.0,4.0,,,,,,,10.0,3.0,6.0,2.0,,,6.0,2.0,3.0,1.0,6.0,2.0,,,,,3.0,1.0,,,6.0,2.0
North Billerica,,,,,,,9.0,1.0,9.0,1.0,,,,,,,,,,,,,,,,,,,,,,,,,,,,
North Chelmsford,,,,,,,,,10.0,1.0,,,,,,,,,,,,,,,,,,,,,,,,,,,,
North Dartmouth,,,,,,,,,,,,,,,8.0,2.0,,,8.0,2.0,,,,,,,,,16.0,4.0,,,,,8.0,2.0,,
North Dighton,,,,,,,,,23.0,1.0,,,,,,,,,,,,,,,,,,,,,,,,,,,,
North Easton,,,,,,,,,,,7.0,1.0,,,7.0,1.0,7.0,1.0,,,,,,,7.0,1.0,7.0,1.0,,,,,7.0,1.0,,,,
North Falmouth,,,,,,,,,,,,,,,37.0,1.0,,,,,,,,,,,,,,,37.0,1.0,37.0,1.0,,,37.0,1.0
North Grafton,,,,,,,,,,,,,25.0,2.0,,,,,12.0,1.0,,,,,,,,,,,,,,,,,,
North Oxford,,,,,,,,,,,,,,,,,44.0,1.0,44.0,1.0,,,,,,,,,,,,,,,,,,
North Uxbridge,,,,,,,,,,,7.0,1.0,,,,,,,7.0,1.0,,,,,,,,,,,,,,,,,,
North Weymouth,,,,,,,,,,,,,,,,,,,,,,,,,,,,,,,,,,,,,1.0,1.0
Northampton,,,,,3.0,1.0,,,3.0,1.0,,,3.0,1.0,,,,,,,,,,,,,,,,,,,,,,,,
Northborough,,,7.0,1.0,,,,,14.0,2.0,,,7.0,1.0,,,42.0,6.0,,,,,,,,,,,7.0,1.0,,,28.0,4.0,,,,
Northbridge,,,,,,,,,,,,,,,6.0,1.0,6.0,1.0,,,,,,,,,19.0,3.0,,,,,,,,,,
Northfield,,,,,,,,,,,,,,,,,32.0,1.0,,,,,,,,,,,,,,,,,,,,
Norton,,,,,,,,,,,5.0,1.0,5.0,1.0,47.0,9.0,,,5.0,1.0,,,,,,,,,,,,,,,,,,
Norwell,,,,,,,,,,,,,,,,,,,,,,,,,,,,,38.0,4.0,,,,,,,,
Norwood,,,3.0,1.0,,,,,87.0,25.0,3.0,1.0,6.0,2.0,,,6.0,2.0,55.0,16.0,,,,,,,,,,,,,6.0,2.0,17.0,5.0,,
Oakham,,,,,,,,,,,,,,,,,,,,,52.0,1.0,,,,,,,,,,,,,,,,
Onset,,,,,,,,,,,,,,,,,,,,,,,,,4.0,1.0,,,,,,,,,,,,
Orange,,,12.0,1.0,,,12.0,1.0,,,,,12.0,1.0,12.0,1.0,12.0,1.0,25.0,2.0,,,,,,,25.0,2.0,12.0,1.0,,,,,,,,
Orleans,,,,,,,,,,,,,,,16.0,1.0,,,,,,,,,16.0,1.0,33.0,2.0,16.0,1.0,,,,,,,,
Osterville,28.0,1.0,,,,,,,,,,,,,28.0,1.0,,,,,,,,,,,,,,,,,,,,,,
Oxford,,,,,,,,,,,,,7.0,1.0,14.0,2.0,43.0,6.0,7.0,1.0,43.0,6.0,36.0,5.0,,,7.0,1.0,7.0,1.0,,,21.0,3.0,,,,
Palmer,,,,,,,,,,,,,,,,,8.0,1.0,,,,,,,,,,,,,,,,,,,,
Paxton,,,,,,,,,,,,,,,20.0,1.0,,,,,,,,,,,,,,,,,,,,,,
Peabody,,,,,1.0,1.0,7.0,4.0,1.0,1.0,1.0,1.0,3.0,2.0,15.0,8.0,5.0,3.0,,,,,,,1.0,1.0,1.0,1.0,,,,,,,,,,
Pembroke,5.0,1.0,,,,,,,5.0,1.0,5.0,1.0,,,,,5.0,1.0,,,,,,,,,,,,,,,,,,,11.0,2.0
Pepperell,,,,,,,,,,,,,,,,,8.0,1.0,,,8.0,1.0,17.0,2.0,,,,,,,,,8.0,1.0,,,,
Pittsfield,4.0,2.0,4.0,2.0,,,26.0,12.0,37.0,17.0,2.0,1.0,20.0,9.0,29.0,13.0,2.0,1.0,8.0,4.0,2.0,1.0,4.0,2.0,4.0,2.0,,,,,37.0,17.0,2.0,1.0,8.0,4.0,4.0,2.0
Plainville,,,,,,,,,12.0,1.0,,,,,,,,,24.0,2.0,,,,,,,,,,,,,24.0,2.0,,,,
Plymouth,,,3.0,2.0,1.0,1.0,,,3.0,2.0,1.0,1.0,3.0,2.0,24.0,14.0,8.0,5.0,1.0,1.0,1.0,1.0,,,5.0,3.0,3.0,2.0,1.0,1.0,12.0,7.0,1.0,1.0,1.0,1.0,,
Pocasset,,,,,,,,,,,,,,,,,,,,,,,,,,,,,,,,,,,34.0,1.0,,
Princeton,,,,,,,,,,,,,29.0,1.0,,,,,,,,,,,,,,,,,,,,,,,,
Provincetown,,,33.0,1.0,33.0,1.0,,,,,33.0,1.0,,,33.0,1.0,,,,,,,,,33.0,1.0,,,,,,,,,,,,
Quincy,,,,,2.0,2.0,7.0,7.0,4.0,4.0,5.0,5.0,1.0,1.0,9.0,9.0,6.0,6.0,19.0,18.0,5.0,5.0,3.0,3.0,10.0,10.0,8.0,8.0,2.0,2.0,2.0,2.0,7.0,7.0,8.0,8.0,7.0,7.0
Randolph,,,3.0,1.0,,,,,6.0,2.0,,,3.0,1.0,,,24.0,8.0,34.0,11.0,,,,,,,,,,,,,6.0,2.0,6.0,2.0,62.0,20.0
Raynham,,,,,,,,,7.0,1.0,7.0,1.0,,,,,7.0,1.0,7.0,1.0,,,,,,,14.0,2.0,,,14.0,2.0,,,,,7.0,1.0
Reading,,,,,,,4.0,1.0,4.0,1.0,,,,,,,,,,,4.0,1.0,,,,,,,,,,,,,,,,
Rehoboth,,,,,8.0,1.0,8.0,1.0,,,,,,,,,,,,,,,,,,,,,,,,,8.0,1.0,,,,
Revere,,,,,3.0,2.0,5.0,3.0,3.0,2.0,15.0,8.0,17.0,9.0,21.0,11.0,11.0,6.0,9.0,5.0,7.0,4.0,5.0,3.0,,,5.0,3.0,11.0,6.0,13.0,7.0,7.0,4.0,15.0,8.0,9.0,5.0
Richmond,,,,,,,,,,,,,,,,,,,67.0,1.0,,,,,,,,,,,,,,,,,,
Rochdale,,,,,,,,,,,,,,,9.0,1.0,,,,,,,,,,,,,,,,,,,,,,
Rockland,,,,,,,11.0,2.0,22.0,4.0,5.0,1.0,,,,,74.0,13.0,17.0,3.0,,,,,,,11.0,2.0,,,,,17.0,3.0,28.0,5.0,,
Rockport,,,,,,,,,,,,,,,,,,,,,,,,,,,14.0,1.0,,,,,,,,,,
Roslindale,,,3.0,1.0,,,,,3.0,1.0,,,,,6.0,2.0,3.0,1.0,3.0,1.0,,,,,,,3.0,1.0,,,24.0,7.0,3.0,1.0,3.0,1.0,3.0,1.0
Rowe,,,,,254.0,1.0,,,,,,,,,,,,,,,,,,,,,,,,,,,,,,,,
Roxbury,,,,,1.0,1.0,3.0,2.0,6.0,4.0,1.0,1.0,10.0,6.0,5.0,3.0,6.0,4.0,1.0,1.0,8.0,5.0,,,5.0,3.0,1.0,1.0,5.0,3.0,,,1.0,1.0,,,1.0,1.0
Roxbury Crossing,,,,,,,,,3.0,2.0,,,,,,,1.0,1.0,,,,,,,,,,,1.0,1.0,1.0,1.0,,,,,,
Russell,,,,,,,,,,,,,56.0,1.0,,,,,,,,,,,,,,,,,,,,,,,,
Rutland,,,,,,,,,12.0,1.0,,,,,,,,,,,12.0,1.0,,,,,,,,,,,,,,,,
Sagamore Beach,,,,,,,,,,,,,,,27.0,1.0,,,,,,,,,,,27.0,1.0,,,,,,,,,27.0,1.0
Salem,,,7.0,3.0,2.0,1.0,7.0,3.0,29.0,12.0,7.0,3.0,,,14.0,6.0,2.0,1.0,2.0,1.0,4.0,2.0,2.0,1.0,,,2.0,1.0,,,2.0,1.0,2.0,1.0,2.0,1.0,4.0,2.0
Salisbury,,,,,,,12.0,1.0,,,,,48.0,4.0,12.0,1.0,,,12.0,1.0,,,,,,,,,,,,,,,,,,
Sandwich,,,,,,,14.0,3.0,19.0,4.0,4.0,1.0,,,,,,,,,,,,,,,,,,,4.0,1.0,,,,,,
Saugus,,,,,,,,,,,15.0,4.0,,,,,22.0,6.0,,,3.0,1.0,,,,,,,3.0,1.0,,,,,,,,
Savoy,,,,,,,,,,,,,,,,,144.0,1.0,,,,,,,,,,,,,,,,,,,,
Scituate,,,,,,,,,,,,,,,,,,,,,,,,,,,,,,,,,16.0,3.0,,,5.0,1.0
Seekonk,,,,,,,,,,,,,,,58.0,8.0,7.0,1.0,,,,,,,7.0,1.0,7.0,1.0,,,,,,,,,,
Sharon,,,,,,,,,5.0,1.0,,,,,,,,,,,,,,,,,,,,,,,,,,,,
Shelburne Falls,,,,,56.0,1.0,,,,,,,,,,,,,,,,,,,,,,,,,,,,,,,,
Sherborn,,,48.0,2.0,,,,,,,,,,,,,,,,,,,,,,,,,,,,,,,,,,
Shirley,13.0,1.0,,,,,41.0,3.0,,,13.0,1.0,,,,,,,,,,,,,,,,,13.0,1.0,,,,,,,,
Shrewsbury,,,,,,,2.0,1.0,2.0,1.0,,,2.0,1.0,11.0,4.0,5.0,2.0,2.0,1.0,,,,,2.0,1.0,19.0,7.0,,,2.0,1.0,5.0,2.0,2.0,1.0,,
Shutesbury,,,,,,,,,56.0,1.0,,,,,,,,,,,,,,,,,,,,,,,,,,,,
Somerset,,,,,,,,,,,5.0,1.0,,,,,,,,,,,,,5.0,1.0,5.0,1.0,,,,,,,,,,
Somerville,2.0,2.0,,,,,3.0,3.0,1.0,1.0,6.0,5.0,1.0,1.0,18.0,14.0,5.0,4.0,25.0,19.0,5.0,4.0,,,1.0,1.0,9.0,7.0,1.0,1.0,5.0,4.0,11.0,9.0,7.0,6.0,3.0,3.0
South Barre,,,,,,,,,,,,,,,,,,,,,,,18.0,1.0,,,,,,,,,,,,,,
South Boston,2.0,1.0,,,,,2.0,1.0,,,,,,,,,2.0,1.0,,,8.0,3.0,2.0,1.0,,,,,,,,,2.0,1.0,,,,
South Dartmouth,,,,,,,,,,,,,,,5.0,2.0,,,2.0,1.0,,,,,2.0,1.0,,,,,,,,,,,,
South Deerfield,,,,,,,,,,,,,,,,,,,,,,,,,48.0,1.0,,,,,,,,,,,,
South Dennis,,,,,,,,,27.0,1.0,,,27.0,1.0,,,,,,,,,,,27.0,1.0,,,,,,,,,,,,
South Easton,,,,,,,,,,,9.0,1.0,,,,,39.0,4.0,,,,,9.0,1.0,,,,,,,,,9.0,1.0,,,,
South Grafton,,,,,,,,,,,22.0,1.0,,,,,22.0,1.0,,,,,,,,,,,,,,,,,,,,
South Hadley,,,,,5.0,1.0,,,22.0,4.0,5.0,1.0,11.0,2.0,5.0,1.0,5.0,1.0,,,,,,,,,,,,,,,,,,,,
South Lancaster,,,,,,,,,,,,,,,,,,,,,,,,,,,,,61.0,1.0,,,,,,,,
South Weymouth,,,,,,,,,3.0,2.0,1.0,1.0,9.0,5.0,,,,,,,5.0,3.0,,,,,,,,,,,,,1.0,1.0,,
South Yarmouth,,,,,,,,,51.0,6.0,,,,,,,25.0,3.0,,,,,,,,,,,,,,,,,,,8.0,1.0
Southborough,,,,,,,,,,,,,,,,,,,,,,,,,10.0,1.0,,,,,,,,,,,,
Southbridge,11.0,2.0,5.0,1.0,,,11.0,2.0,35.0,6.0,11.0,2.0,17.0,3.0,41.0,7.0,65.0,11.0,11.0,2.0,17.0,3.0,5.0,1.0,29.0,5.0,11.0,2.0,11.0,2.0,5.0,1.0,,,23.0,4.0,,
Southwick,,,,,,,,,,,,,10.0,1.0,,,,,,,,,,,,,,,,,,,,,,,,
Spencer,,,,,,,,,,,17.0,2.0,,,25.0,3.0,,,,,,,17.0,2.0,,,8.0,1.0,17.0,2.0,,,,,,,,
Springfield,1.0,2.0,0.0,1.0,3.0,6.0,13.0,20.0,18.0,28.0,1.0,2.0,11.0,18.0,21.0,33.0,24.0,37.0,16.0,26.0,1.0,2.0,,,,,1.0,2.0,,,1.0,2.0,2.0,4.0,,,0.0,1.0
Stoneham,,,4.0,1.0,,,4.0,1.0,,,4.0,1.0,,,18.0,4.0,4.0,1.0,4.0,1.0,,,,,,,,,,,4.0,1.0,,,4.0,1.0,,
Stoughton,,,,,,,,,,,7.0,2.0,25.0,7.0,14.0,4.0,25.0,7.0,,,,,,,3.0,1.0,,,3.0,1.0,,,7.0,2.0,,,14.0,4.0
Stow,,,,,,,,,,,,,15.0,1.0,,,,,,,,,,,,,,,,,,,,,,,,
Sturbridge,,,,,,,,,21.0,2.0,,,,,,,,,,,,,,,,,,,,,,,,,,,,
Sudbury,,,,,,,,,,,,,,,,,28.0,5.0,,,,,,,5.0,1.0,,,,,28.0,5.0,5.0,1.0,,,,
Swampscott,,,,,,,,,,,7.0,1.0,7.0,1.0,14.0,2.0,7.0,1.0,,,7.0,1.0,,,,,,,,,,,,,,,,
Swansea,,,,,,,,,6.0,1.0,,,6.0,1.0,6.0,1.0,,,,,6.0,1.0,,,,,,,6.0,1.0,,,,,,,,
Taunton,,,1.0,1.0,1.0,1.0,7.0,4.0,10.0,6.0,7.0,4.0,,,10.0,6.0,5.0,3.0,8.0,5.0,8.0,5.0,21.0,12.0,17.0,10.0,8.0,5.0,3.0,2.0,21.0,12.0,5.0,3.0,3.0,2.0,1.0,1.0
Templeton,,,,,,,,,,,12.0,1.0,,,,,,,,,,,,,,,,,,,,,,,,,,
Tewksbury,,,3.0,1.0,,,,,24.0,7.0,,,,,,,,,,,,,3.0,1.0,,,,,,,,,,,,,,
Three Rivers,,,,,,,,,34.0,1.0,,,,,,,34.0,1.0,,,,,,,,,,,,,,,,,,,,
Topsfield,16.0,1.0,,,,,,,,,,,,,,,,,,,,,,,,,,,,,,,,,,,,
Townsend,,,,,,,44.0,4.0,11.0,1.0,,,11.0,1.0,,,,,,,,,,,,,,,,,,,,,,,,
Turners Falls,,,,,,,,,24.0,1.0,,,,,73.0,3.0,24.0,1.0,,,,,,,,,,,,,,,,,,,,
Tyngsborough,,,,,,,8.0,1.0,,,,,,,8.0,1.0,,,8.0,1.0,,,,,,,,,,,,,,,,,,
Upton,,,13.0,1.0,,,,,13.0,1.0,,,13.0,1.0,,,,,,,,,,,,,,,,,,,,,,,,
Uxbridge,,,,,,,,,7.0,1.0,7.0,1.0,7.0,1.0,14.0,2.0,7.0,1.0,7.0,1.0,,,,,,,,,,,,,,,,,,
Vineyard Haven,52.0,1.0,,,,,,,,,,,,,,,,,,,,,52.0,1.0,,,,,,,,,,,,,,
Wakefield,,,,,8.0,2.0,,,,,20.0,5.0,,,,,,,,,,,,,,,,,,,,,,,,,8.0,2.0
Walpole,,,,,4.0,1.0,,,12.0,3.0,,,16.0,4.0,,,,,,,4.0,1.0,,,,,,,,,,,,,,,,
Waltham,,,,,,,6.0,4.0,6.0,4.0,,,,,,,,,1.0,1.0,,,,,,,4.0,3.0,,,1.0,1.0,,,1.0,1.0,1.0,1.0
Ware,,,,,10.0,1.0,,,30.0,3.0,10.0,1.0,10.0,1.0,10.0,1.0,,,20.0,2.0,,,10.0,1.0,,,,,,,,,,,,,,
Wareham,,,,,,,,,4.0,1.0,,,4.0,1.0,,,4.0,1.0,4.0,1.0,,,,,18.0,4.0,18.0,4.0,,,,,4.0,1.0,4.0,1.0,4.0,1.0
Warren,,,,,,,,,,,,,,,,,77.0,4.0,,,,,,,,,,,,,,,,,,,,
Watertown,,,,,,,,,,,3.0,1.0,3.0,1.0,,,,,12.0,4.0,,,,,,,6.0,2.0,,,3.0,1.0,,,,,,
Wayland,,,,,7.0,1.0,,,,,,,,,7.0,1.0,,,,,,,,,,,7.0,1.0,,,7.0,1.0,,,,,,
Webster,,,5.0,1.0,,,17.0,3.0,17.0,3.0,41.0,7.0,23.0,4.0,29.0,5.0,23.0,4.0,35.0,6.0,5.0,1.0,35.0,6.0,11.0,2.0,11.0,2.0,,,5.0,1.0,,,,,,
Wellesley Hills,,,,,,,3.0,1.0,,,,,,,,,,,,,,,,,,,,,,,,,,,,,,
Wellfleet,,,,,,,,,,,,,,,,,,,36.0,1.0,,,,,,,36.0,1.0,,,,,,,,,,
West Boylston,,,,,,,,,,,,,13.0,1.0,,,13.0,1.0,13.0,1.0,13.0,1.0,,,,,13.0,1.0,,,,,,,,,,
West Brookfield,,,,,,,,,27.0,1.0,,,,,,,,,,,27.0,1.0,27.0,1.0,,,,,,,,,,,,,,
West Chatham,,,,,,,,,78.0,1.0,,,,,,,,,,,,,,,,,,,,,,,,,,,,
West Dennis,,,,,,,,,,,,,,,45.0,1.0,,,,,,,,,,,45.0,1.0,,,,,,,,,,
West Harwich,,,,,,,,,,,,,,,8.0,1.0,,,,,,,,,,,,,,,,,,,,,,
West Newton,,,,,,,,,,,,,,,,,,,,,7.0,1.0,,,7.0,1.0,,,,,,,,,,,,
West Roxbury,,,,,,,3.0,1.0,6.0,2.0,,,3.0,1.0,,,3.0,1.0,,,,,,,,,,,3.0,1.0,,,,,6.0,2.0,,
West Springfield,,,,,,,14.0,4.0,31.0,9.0,3.0,1.0,14.0,4.0,24.0,7.0,10.0,3.0,17.0,5.0,,,,,,,,,,,,,,,,,,
West Stockbridge,,,,,,,,,,,,,,,,,,,153.0,2.0,,,,,76.0,1.0,,,,,,,,,,,,
West Tisbury,,,,,,,,,,,,,,,,,,,,,,,,,,,36.0,1.0,,,,,,,,,,
West Wareham,,,,,,,46.0,1.0,,,,,,,,,,,,,,,,,,,,,,,,,,,,,,
West Warren,,,,,,,,,,,,,,,,,,,,,,,88.0,1.0,,,,,,,,,,,,,,
West Yarmouth,,,,,37.0,2.0,37.0,2.0,,,18.0,1.0,,,37.0,2.0,,,18.0,1.0,,,,,,,,,,,18.0,1.0,,,18.0,1.0,,
Westborough,,,,,,,54.0,10.0,,,38.0,7.0,21.0,4.0,,,,,38.0,7.0,5.0,1.0,5.0,1.0,10.0,2.0,5.0,1.0,21.0,4.0,5.0,1.0,10.0,2.0,,,,
Westfield,,,,,2.0,1.0,4.0,2.0,7.0,3.0,,,4.0,2.0,4.0,2.0,,,9.0,4.0,,,,,,,,,2.0,1.0,,,,,,,,
Westford,,,,,,,,,13.0,3.0,,,,,4.0,1.0,4.0,1.0,,,,,,,,,,,,,,,4.0,1.0,,,,
Westport,,,,,,,6.0,1.0,,,6.0,1.0,,,12.0,2.0,,,,,,,,,6.0,1.0,,,,,,,12.0,2.0,,,6.0,1.0
Westwood,,,,,,,,,20.0,3.0,,,6.0,1.0,,,,,27.0,4.0,,,,,,,,,,,,,6.0,1.0,,,,
Weymouth,,,,,,,,,24.0,13.0,7.0,4.0,9.0,5.0,,,,,5.0,3.0,,,,,,,7.0,4.0,,,5.0,3.0,,,,,1.0,1.0
Whitinsville,,,14.0,1.0,,,14.0,1.0,,,,,,,28.0,2.0,14.0,1.0,14.0,1.0,,,72.0,5.0,14.0,1.0,28.0,2.0,14.0,1.0,,,,,,,,
Whitman,,,,,6.0,1.0,6.0,1.0,27.0,4.0,,,34.0,5.0,,,,,41.0,6.0,,,6.0,1.0,,,,,,,,,,,13.0,2.0,,
Williamsburg,,,,,,,,,,,40.0,1.0,,,,,,,,,,,,,,,,,,,,,,,,,,
Williamstown,,,,,,,,,12.0,1.0,,,,,12.0,1.0,,,12.0,1.0,,,,,,,,,,,,,,,,,,
Wilmington,,,,,,,,,,,,,,,,,4.0,1.0,,,,,,,,,,,,,,,,,,,,
Winchendon,,,,,,,9.0,1.0,,,,,19.0,2.0,9.0,1.0,9.0,1.0,9.0,1.0,9.0,1.0,,,19.0,2.0,,,9.0,1.0,,,,,,,,
Winchester,,,4.0,1.0,,,,,,,,,,,,,4.0,1.0,,,,,,,,,,,,,,,,,,,,
Winthrop,,,,,,,17.0,3.0,5.0,1.0,5.0,1.0,5.0,1.0,11.0,2.0,22.0,4.0,17.0,3.0,,,,,11.0,2.0,,,5.0,1.0,,,,,5.0,1.0,5.0,1.0
Woburn,,,,,,,,,5.0,2.0,7.0,3.0,,,26.0,10.0,5.0,2.0,,,5.0,2.0,2.0,1.0,,,5.0,2.0,,,,,,,,,,
Worcester,1.0,2.0,3.0,7.0,4.0,8.0,24.0,44.0,28.0,52.0,26.0,48.0,44.0,81.0,38.0,70.0,27.0,50.0,39.0,71.0,25.0,47.0,23.0,42.0,25.0,46.0,18.0,33.0,12.0,22.0,9.0,17.0,22.0,40.0,4.0,9.0,8.0,16.0
Wrentham,,,,,,,,,,,,,,,,,,,,,,,,,,,9.0,1.0,,,27.0,3.0,,,,,9.0,1.0
Yarmouth Port,,,19.0,1.0,19.0,1.0,,,19.0,1.0,,,,,,,19.0,1.0,,,,,,,,,,,,,,,,,,,,
span,,,,,,,,,0.0,1.0,,,0.0,1.0,,,0.0,2.0,0.0,3.0,0.0,1.0,,,,,0.0,1.0,,,0.0,2.0,0.0,1.0,,,,
